acc_within_10deg_mean,angle_mae_std,balanced_score,false_alarms_mean,layout_mae_std,mae_deg_matched_mean,method_cfg,misses_mean,recall_mean,runtime_seconds_mean,trial_number,value_subset
0.390625,2.9008300996313254,0.49408552317945936,0.0,6.03515625,41.3671875,"{'nfft': 3440, 'overlap': 0.9, 'freq_range': [1100, 3800], 'power_thresh_percentile': 96, 'mdl_beta': 1.1036711463337165, 'window_ms': 215}",0.0,1.0,1.765717026772715,200,0.4950764414984273
0.3802083333333333,2.691150167727626,0.4924350525695896,0.0,6.505859375,40.638020833333336,"{'nfft': 3440, 'overlap': 0.9, 'freq_range': [1100, 4100], 'power_thresh_percentile': 96, 'mdl_beta': 0.8502815753623234, 'window_ms': 215}",0.0,1.0,1.5321887548246498,226,0.49480434084076336
0.3802083333333333,3.164884366853797,0.49204194188146017,0.0,4.5390625,43.322916666666664,"{'nfft': 1920, 'overlap': 0.8500000000000001, 'freq_range': [800, 4200], 'power_thresh_percentile': 95, 'mdl_beta': 6.95392085263425, 'window_ms': 120}",0.0,1.0,1.5162880206820166,78,0.494957547881154
0.390625,3.033164487058947,0.4911644574605985,0.0,6.439453125,40.96875,"{'nfft': 3680, 'overlap': 0.9, 'freq_range': [1200, 4100], 'power_thresh_percentile': 96, 'mdl_beta': 1.12136133566762, 'window_ms': 230}",0.010416666666666666,0.9947916666666666,2.4877628764661495,268,0.4966994657406606
0.390625,3.033164487058947,0.4911644574605985,0.0,6.439453125,40.96875,"{'nfft': 3680, 'overlap': 0.9, 'freq_range': [1200, 4100], 'power_thresh_percentile': 96, 'mdl_beta': 1.5587384787175593, 'window_ms': 230}",0.010416666666666666,0.9947916666666666,2.176925595975869,269,0.4966994657406606
