acc_within_10deg_mean,angle_mae_std,balanced_score,false_alarms_mean,layout_mae_std,mae_deg_matched_mean,method_cfg,misses_mean,recall_mean,runtime_seconds_mean,trial_number,value_subset
0.3125,8.361279637640367,0.3294839709257129,0.0,6.2890625,39.276041666666664,"{'nfft': 3520, 'overlap': 0.65, 'freq_range': [1200, 1800], 'window_ms': 220}",0.90625,0.546875,0.8976168928299254,628,0.414949757177793
0.3125,8.361279637640367,0.3294839709257129,0.0,6.2890625,39.276041666666664,"{'nfft': 3520, 'overlap': 0.65, 'freq_range': [1200, 1800], 'window_ms': 220}",0.90625,0.546875,0.777771483262768,630,0.414949757177793
0.3125,8.361279637640367,0.3294839709257129,0.0,6.2890625,39.276041666666664,"{'nfft': 3520, 'overlap': 0.65, 'freq_range': [1200, 1800], 'window_ms': 220}",0.90625,0.546875,0.6846065499897426,1014,0.414949757177793
0.3125,8.361279637640367,0.3294839709257129,0.0,6.2890625,39.276041666666664,"{'nfft': 3520, 'overlap': 0.65, 'freq_range': [1200, 1800], 'window_ms': 220}",0.90625,0.546875,0.675362151460528,1017,0.414949757177793
0.3072916666666667,8.916106874951396,0.32691997913801946,0.0,5.59765625,41.291666666666664,"{'nfft': 4000, 'overlap': 0.65, 'freq_range': [600, 1800], 'window_ms': 250}",0.9166666666666666,0.5416666666666666,1.4594054745781857,1216,0.4161157870952521
