acc_within_10deg_mean,acc_within_15deg_mean,acc_within_5deg_mean,f1_mean,false_alarms_mean,mae_deg_matched_mean,median_ae_deg_mean,method,misses_mean,n_pred_mean,n_scenes,n_true_mean,precision_mean,recall_mean,rmse_deg_matched_mean,runtime_seconds_mean
0.5,0.5,0.0,1.0,0.0,15.22732181698394,15.22732181698394,CSSM,0.0,1.0,2,1.0,1.0,1.0,15.22732181698394,1.1142459825059632
1.0,1.0,1.0,1.0,0.0,1.22732181698394,1.22732181698394,GMDA,0.0,1.0,2,1.0,1.0,1.0,1.22732181698394,0.6681641055038199
1.0,1.0,1.0,1.0,0.0,2.567513562893856,2.567513562893856,MUSIC,0.0,1.0,2,1.0,1.0,1.0,2.567513562893856,0.1145433669880731
1.0,1.0,1.0,1.0,0.0,2.067513562893856,2.067513562893856,NormMUSIC,0.0,1.0,2,1.0,1.0,1.0,2.067513562893856,0.13757636450463906
1.0,1.0,1.0,1.0,0.0,2.5675135628938524,2.5675135628938524,SRP-PHAT,0.0,1.0,2,1.0,1.0,1.0,2.5675135628938524,0.6587221364898141
1.0,1.0,1.0,1.0,0.0,1.067513562893856,1.067513562893856,SSZ,0.0,1.0,2,1.0,1.0,1.0,1.067513562893856,1.1478370440017898
1.0,1.0,1.0,1.0,0.0,4.22732181698394,4.22732181698394,WAVES,0.0,1.0,2,1.0,1.0,1.0,4.22732181698394,1.1322251844976563
