acc_within_10deg_mean,acc_within_15deg_mean,acc_within_5deg_mean,f1_mean,false_alarms_mean,mae_deg_matched_mean,median_ae_deg_mean,method,misses_mean,n_pred_mean,n_scenes,n_true_mean,precision_mean,recall_mean,rmse_deg_matched_mean,runtime_seconds_mean
0.669,0.7113333333333333,0.537,0.9551587301587301,0.0,23.258066003912862,16.785654902557653,GMDA,0.34,2.66,50,3.0,1.0,0.9279999999999999,30.96720528684135,1.938680732382345
0.42666666666666664,0.45333333333333337,0.36033333333333334,0.9611904761904762,0.0,38.995793169599786,34.04646477362628,SRP-PHAT,0.3,2.7,50,3.0,1.0,0.937,48.65071602393211,0.4015383153414587
0.7493333333333334,0.7803333333333333,0.7136666666666666,0.9166349206349206,0.0,15.945112914209092,13.512043788618566,SSZ,0.46,2.54,50,3.0,1.0,0.8859999999999999,21.91492095740328,0.9250007437588647
