acc_within_10deg_mean,acc_within_15deg_mean,acc_within_5deg_mean,f1_mean,false_alarms_mean,mae_deg_matched_mean,median_ae_deg_mean,method,misses_mean,n_pred_mean,n_scenes,n_true_mean,precision_mean,recall_mean,rmse_deg_matched_mean,runtime_seconds_mean,scene_type
0.8386666666666666,0.8486666666666666,0.7393333333333334,0.9393650793650794,0.0,13.163477572944874,5.8026106803407105,GMDA,0.44,2.56,25,3.0,1.0,0.9059999999999999,20.45419560040558,1.8983222043653951,library
0.4993333333333333,0.574,0.33466666666666667,0.970952380952381,0.0,33.352654434880854,27.768699124774592,GMDA,0.24,2.76,25,3.0,1.0,0.95,41.48021497327713,1.979039260399295,restaurant
0.494,0.514,0.45266666666666666,0.980952380952381,0.0,30.440298805479095,28.198682543623736,SRP-PHAT,0.16,2.84,25,3.0,1.0,0.966,38.66918904618215,0.3904758431611117,library
0.3593333333333333,0.39266666666666666,0.268,0.9414285714285714,0.0,47.55128753372047,39.894247003628834,SRP-PHAT,0.44,2.56,25,3.0,1.0,0.9079999999999999,58.63224300168207,0.4126007875218056,restaurant
0.9306666666666666,0.9306666666666666,0.9173333333333333,0.8504126984126984,0.0,6.66707514718134,2.6529774869939753,SSZ,0.8,2.2,25,3.0,1.0,0.7959999999999999,11.235719421507849,0.9670742357207928,library
0.568,0.63,0.51,0.9828571428571429,0.0,25.223150681236845,24.371110090243157,SSZ,0.12,2.88,25,3.0,1.0,0.976,32.594122493298705,0.8829272517969367,restaurant
