acc_within_10deg_mean,acc_within_15deg_mean,acc_within_5deg_mean,f1_mean,false_alarms_mean,mae_deg_matched_mean,median_ae_deg_mean,method,misses_mean,n_pred_mean,n_scenes,n_true_mean,precision_mean,recall_mean,rmse_deg_matched_mean,runtime_seconds_mean
0.23304473304473305,0.2748917748917749,0.13564213564213565,0.9948051948051948,0.0,51.09497783326772,49.353914538253825,CSSM,1.855,1.145,400,3.0,1.0,0.5729166666666666,57.879682090675345,3.2777822257755904
0.6525416666666666,0.6880416666666666,0.5565416666666667,0.961938492063492,0.0,25.75662054096485,20.266653895766034,GMDA,0.2875,2.7125,400,3.0,1.0,0.9370416666666667,33.0875727145608,4.689798010499945
0.3550416666666667,0.41670833333333335,0.279625,1.0,0.0,43.27566259184408,39.22920998264649,MUSIC,0.0,3.0,400,3.0,1.0,1.0,52.451074534676245,0.6957395490547787
0.41862499999999997,0.44483333333333336,0.34645833333333337,1.0,0.0,50.1767994210923,46.75035334603084,NormMUSIC,0.0,3.0,400,3.0,1.0,1.0,59.73678694100227,0.7025743047226569
0.500625,0.5475416666666666,0.39479166666666665,0.9571468253968254,0.0,33.591291827744136,29.06120994649451,SRP-PHAT,0.3225,2.6775,400,3.0,1.0,0.9299166666666666,41.992218037514576,1.1086498236603075
0.6923333333333334,0.727125,0.6506666666666666,0.9349444444444444,0.0,23.47087440351488,18.85581271330759,SSZ,0.375,2.625,400,3.0,1.0,0.9061666666666666,30.401556828306408,2.3811940339756985
0.29273504273504275,0.3611111111111111,0.1794871794871795,1.0,0.0,45.21682097317583,42.436315881955714,WAVES,1.83,1.17,400,3.0,1.0,0.585,52.1408858053729,4.091328462724196
