acc_within_10deg_mean,angle_mae_std,balanced_score,false_alarms_mean,layout_mae_std,mae_deg_matched_mean,method_cfg,misses_mean,recall_mean,runtime_seconds_mean,trial_number,value_subset
0.390625,4.124361239211526,0.48976320154847863,0.0,6.1953125,44.747395833333336,"{'nfft': 3760, 'overlap': 0.9, 'freq_range': [1100, 3100], 'power_thresh_percentile': 88, 'mdl_beta': 2.9350541418993323, 'window_ms': 235}",0.0,1.0,2.4334547014247314,134,0.5051403610133298
0.3958333333333333,5.738975977393287,0.4864934879099464,0.0,5.7441406249999964,43.442708333333336,"{'nfft': 3760, 'overlap': 0.9, 'freq_range': [1150, 3450], 'power_thresh_percentile': 89, 'mdl_beta': 1.588618404276418, 'window_ms': 235}",0.010416666666666666,0.9947916666666666,2.3104958624656624,164,0.49924957850997864
0.375,4.015175747675588,0.48631506466688174,0.0,6.56640625,44.697916666666664,"{'nfft': 3760, 'overlap': 0.9, 'freq_range': [1100, 3300], 'power_thresh_percentile': 88, 'mdl_beta': 1.4811461539994784, 'window_ms': 235}",0.0,1.0,3.3601836424059,138,0.5064071745134024
0.3645833333333333,4.485324618772189,0.4843609319660741,0.0,4.837890625,46.151041666666664,"{'nfft': 3680, 'overlap': 0.9, 'freq_range': [1000, 3400], 'power_thresh_percentile': 88, 'mdl_beta': 1.2928251569446478, 'window_ms': 230}",0.0,1.0,2.554649649275234,200,0.49881411237598605
0.359375,6.041729525535072,0.4803036953954647,0.0,5.248046875,46.479166666666664,"{'nfft': 3680, 'overlap': 0.9, 'freq_range': [950, 3100], 'power_thresh_percentile': 86, 'mdl_beta': 1.936489390006599, 'window_ms': 230}",0.0,1.0,2.758916941655722,210,0.5021222342024503
