acc_within_10deg_mean,acc_within_15deg_mean,acc_within_5deg_mean,f1_mean,false_alarms_mean,mae_deg_matched_mean,median_ae_deg_mean,method,misses_mean,n_pred_mean,n_scenes,n_true_mean,precision_mean,recall_mean,rmse_deg_matched_mean,runtime_seconds_mean
0.6525416666666666,0.6880416666666666,0.5565416666666667,0.961938492063492,0.0,25.75662054096485,20.266653895766034,GMDA,0.2875,2.7125,400,3.0,1.0,0.9370416666666667,33.0875727145608,2.95142423398298
0.500625,0.5475416666666666,0.39479166666666665,0.9571468253968254,0.0,33.591291827744136,29.06120994649451,SRP-PHAT,0.3225,2.6775,400,3.0,1.0,0.9299166666666666,41.992218037514576,0.6103929579354735
0.6923333333333334,0.727125,0.6506666666666666,0.9349444444444444,0.0,23.47087440351488,18.85581271330759,SSZ,0.375,2.625,400,3.0,1.0,0.9061666666666666,30.401556828306408,1.3442714117702417
