acc_within_10deg_mean,angle_mae_std,balanced_score,false_alarms_mean,layout_mae_std,mae_deg_matched_mean,method_cfg,misses_mean,recall_mean,runtime_seconds_mean,trial_number,value_subset
0.3541666666666667,4.868716458841821,0.48061941499835714,0.0,0.5312500000000036,58.057291666666664,"{'nfft': 3600, 'overlap': 0.5, 'epsilon': 0.0884515814058056, 'd_freq': 1, 'freq_range': [1100, 1600], 'window_ms': 225}",0.09375,0.953125,1.6075877126907774,111,0.4662278577482911
0.359375,5.330441008536358,0.4705090615820932,0.0,1.2656250000000036,58.890625,"{'nfft': 3680, 'overlap': 0.5, 'epsilon': 0.025970392916277445, 'd_freq': 1, 'freq_range': [1050, 1600], 'window_ms': 230}",0.10416666666666667,0.9479166666666666,1.8239356737952523,114,0.46645785099430964
0.3385416666666667,3.892960031109933,0.46795630352318796,0.0,0.625,59.036458333333336,"{'nfft': 3280, 'overlap': 0.7, 'epsilon': 0.07341244908311768, 'd_freq': 1, 'freq_range': [1000, 1500], 'window_ms': 205}",0.14583333333333334,0.9270833333333334,3.8977459797024494,89,0.467642220798863
0.3645833333333333,4.306809853140851,0.4653746758348986,0.0,2.4687500000000036,59.270833333333336,"{'nfft': 3840, 'overlap': 0.45, 'epsilon': 0.037269479749056166, 'd_freq': 1, 'freq_range': [1100, 1600], 'window_ms': 240}",0.11458333333333333,0.9427083333333334,1.8749460391651762,107,0.4664790693056904
0.3489583333333333,6.139474111119864,0.46062568671666704,0.0,1.3750000000000036,57.72916666666666,"{'nfft': 3920, 'overlap': 0.5, 'epsilon': 0.03053448772946783, 'd_freq': 1, 'freq_range': [1050, 1600], 'window_ms': 245}",0.13541666666666666,0.9322916666666666,1.7568321690099158,113,0.466303137115785
