acc_within_10deg_mean,acc_within_15deg_mean,acc_within_5deg_mean,f1_mean,false_alarms_mean,k,mae_deg_matched_mean,median_ae_deg_mean,method,misses_mean,n_pred_mean,n_scenes,n_true_mean,precision_mean,recall_mean,rmse_deg_matched_mean,runtime_seconds_mean
1.0,1.0,1.0,1.0,0.0,1,1.1026656955422518,1.1026656955422518,GMDA,0.0,1.0,5,1.0,1.0,1.0,1.1026656955422518,0.8012193339876831
0.5,0.5,0.5,1.0,0.0,2,34.64439875837792,34.64439875837792,GMDA,0.0,2.0,1,2.0,1.0,1.0,48.94338933491159,1.0504669499932788
1.0,1.0,1.0,1.0,0.0,1,1.9178809138958464,1.9178809138958464,SRP-PHAT,0.0,1.0,5,1.0,1.0,1.0,1.9178809138958464,0.4025157909898553
1.0,1.0,0.5,1.0,0.0,2,3.8219683307045784,3.8219683307045784,SRP-PHAT,0.0,2.0,1,2.0,1.0,1.0,4.06838909376606,0.2837973099958617
1.0,1.0,1.0,1.0,0.0,1,1.015268456408895,1.015268456408895,SSZ,0.0,1.0,5,1.0,1.0,1.0,1.015268456408895,1.1016702284046915
0.5,0.5,0.5,1.0,0.0,2,37.89439875837792,37.89439875837792,SSZ,0.0,2.0,1,2.0,1.0,1.0,53.53958111218068,0.8819716600119136
