acc_within_10deg_mean,acc_within_15deg_mean,acc_within_5deg_mean,f1_mean,false_alarms_mean,mae_deg_matched_mean,median_ae_deg_mean,method,misses_mean,n_pred_mean,n_scenes,n_true_mean,precision_mean,recall_mean,rmse_deg_matched_mean,runtime_seconds_mean
0.9166666666666666,0.9166666666666666,0.9166666666666666,1.0,0.0,6.692954539348196,6.692954539348196,GMDA,0.0,1.1666666666666667,6,1.1666666666666667,1.0,1.0,9.076119635437143,0.842760603321949
1.0,1.0,0.9166666666666666,1.0,0.0,2.2352288166973016,2.2352288166973016,SRP-PHAT,0.0,1.1666666666666667,6,1.1666666666666667,1.0,1.0,2.2762989438742154,0.3827293774908564
0.9166666666666666,0.9166666666666666,0.9166666666666666,1.0,0.0,7.161790173403733,7.161790173403733,SSZ,0.0,1.1666666666666667,6,1.1666666666666667,1.0,1.0,9.769320565704191,1.0650538003392285
