acc_within_10deg,acc_within_15deg,acc_within_5deg,f1,false_alarms,k,mae_deg_matched,matched_errors_deg,median_ae_deg,method,misses,n_matched,n_pred,n_true,precision,pred_doas_deg,recall,rmse_deg_matched,run_id,runtime_seconds,scene_id,scene_path,scene_type,status,true_doas_deg
1.0,1.0,1.0,1.0,0,1,0.7948353798777994,[0.7948353798777994],0.7948353798777994,GMDA,0,1,1,1,1.0,[23.0],1.0,0.7948353798777994,20260212_000845,1.1266686029848643,library_k1_scene01,simulation/simulations/configs/library_scene/library_k1_scene01.json,library,ok,[23.7948353798778]
1.0,1.0,1.0,1.0,0,1,1.7948353798777994,[1.7948353798777994],1.7948353798777994,SRP-PHAT,0,1,1,1,1.0,[22.0],1.0,1.7948353798777994,20260212_000845,1.6558486949943472,library_k1_scene01,simulation/simulations/configs/library_scene/library_k1_scene01.json,library,ok,[23.7948353798778]
1.0,1.0,1.0,1.0,0,1,0.2948353798777994,[0.2948353798777994],0.2948353798777994,SSZ,0,1,1,1,1.0,[23.5],1.0,0.2948353798777994,20260212_000845,3.2679198200057726,library_k1_scene01,simulation/simulations/configs/library_scene/library_k1_scene01.json,library,ok,[23.7948353798778]
1.0,1.0,1.0,1.0,0,1,1.6598082540900805,[1.6598082540900805],1.6598082540900805,GMDA,0,1,1,1,1.0,[53.0],1.0,1.6598082540900805,20260212_000845,1.3235109229863156,library_k1_scene07,simulation/simulations/configs/library_scene/library_k1_scene07.json,library,ok,[51.34019174590991]
1.0,1.0,1.0,1.0,0,1,3.3401917459099053,[3.3401917459099053],3.3401917459099053,SRP-PHAT,0,1,1,1,1.0,[48.00000000000001],1.0,3.3401917459099053,20260212_000845,0.7239573480037507,library_k1_scene07,simulation/simulations/configs/library_scene/library_k1_scene07.json,library,ok,[51.34019174590991]
1.0,1.0,1.0,1.0,0,1,1.8401917459099124,[1.8401917459099124],1.8401917459099124,SSZ,0,1,1,1,1.0,[49.5],1.0,1.8401917459099124,20260212_000845,2.3072940399870276,library_k1_scene07,simulation/simulations/configs/library_scene/library_k1_scene07.json,library,ok,[51.34019174590991]
