acc_within_10deg_mean,acc_within_15deg_mean,acc_within_5deg_mean,f1_mean,false_alarms_mean,mae_deg_matched_mean,median_ae_deg_mean,method,misses_mean,n_pred_mean,n_scenes,n_true_mean,precision_mean,recall_mean,rmse_deg_matched_mean,runtime_seconds_mean,scene_type
0.8205,0.8305,0.7559166666666667,0.9459801587301587,0.0,15.109516677117586,9.992012471774228,GMDA,0.395,2.605,200,3.0,1.0,0.9120833333333332,21.304326658819367,3.02074057447433,library
0.48458333333333337,0.5455833333333333,0.3571666666666667,0.9778968253968254,0.0,36.40372440481212,30.541295319757836,GMDA,0.18,2.82,200,3.0,1.0,0.9620000000000001,44.870818770302236,2.8900912736254396,restaurant
0.61025,0.6459999999999999,0.52575,0.9627500000000001,0.0,25.604661631866175,20.32611857967688,SRP-PHAT,0.29,2.71,200,3.0,1.0,0.9375833333333334,34.48812966596228,0.6548718622123124,library
0.391,0.44908333333333333,0.2638333333333333,0.9515436507936508,0.0,41.577922023622094,37.796301313312135,SRP-PHAT,0.355,2.645,200,3.0,1.0,0.9222499999999999,49.496306409066875,0.5744006882901885,restaurant
0.82325,0.8353333333333333,0.8093333333333333,0.8907142857142857,0.0,14.32453756230739,10.676484219730844,SSZ,0.64,2.36,200,3.0,1.0,0.8436666666666666,19.44745011681008,1.5302516844752245,library
0.5614166666666667,0.6189166666666667,0.49200000000000005,0.9791746031746031,0.0,32.61721124472238,27.035141206884337,SSZ,0.11,2.89,200,3.0,1.0,0.9686666666666666,41.355663539802734,1.1868761010542221,restaurant
