acc_within_10deg_mean,acc_within_15deg_mean,acc_within_5deg_mean,f1_mean,false_alarms_mean,mae_deg_matched_mean,median_ae_deg_mean,method,misses_mean,n_pred_mean,n_scenes,n_true_mean,precision_mean,recall_mean,rmse_deg_matched_mean,runtime_seconds_mean
0.3333333333333333,0.3333333333333333,0.0,1.0,0.0,27.487058259228437,27.487058259228437,CSSM,0.0,1.0,3,1.0,1.0,1.0,27.487058259228437,1.1423298456744913
1.0,1.0,1.0,1.0,0.0,2.04718608983505,2.04718608983505,MUSIC,0.0,1.0,3,1.0,1.0,1.0,2.04718608983505,0.3937393469871798
1.0,1.0,1.0,1.0,0.0,1.7138527565017168,1.7138527565017168,NormMUSIC,0.0,1.0,3,1.0,1.0,1.0,1.7138527565017168,0.3832961940012562
0.6666666666666666,0.6666666666666666,0.6666666666666666,1.0,0.0,16.153724925895105,16.153724925895105,WAVES,0.0,1.0,3,1.0,1.0,1.0,16.153724925895105,1.149828357010847
