{
    "room": {
        "dimensions": [
            5.3,
            8.64,
            3.8
        ],
        "absorption": 0.42
    },
    "microphone_array": {
        "mic_center": [
            2.34,
            4.36,
            1.5
        ],
        "mic_radius": 0.1,
        "mic_count": 4
    },
    "audio": {
        "sources": [
            {
                "loc": [
                    2.31,
                    2.63,
                    1.5
                ],
                "audio": "LibriSpeech/train-clean-100/7264/92310/7264-92310-0001.flac",
                "gain": 1.0
            },
            {
                "loc": [
                    0.82,
                    6.67,
                    2.25
                ],
                "audio": "wham_noise/tr/40ga010c_0.77294_02bc0201_-0.77294sp08.wav",
                "gain": 0.18
            }
        ],
        "duration": 10.0,
        "fs": 16000
    }
}