{
    "room": {
        "dimensions": [
            8.64,
            5.39,
            3.6
        ],
        "absorption": 0.56
    },
    "microphone_array": {
        "mic_center": [
            4.37,
            2.52,
            1.5
        ],
        "mic_radius": 0.1,
        "mic_count": 4
    },
    "audio": {
        "sources": [
            {
                "loc": [
                    2.76,
                    2.46,
                    1.5
                ],
                "audio": "LibriSpeech/train-clean-100/289/121652/289-121652-0031.flac",
                "gain": 1.0
            },
            {
                "loc": [
                    5.98,
                    1.23,
                    1.5
                ],
                "audio": "LibriSpeech/train-clean-100/198/209/198-209-0031.flac",
                "gain": 1.0
            },
            {
                "loc": [
                    3.89,
                    2.46,
                    1.5
                ],
                "audio": "LibriSpeech/train-clean-100/4680/16041/4680-16041-0041.flac",
                "gain": 1.0
            },
            {
                "loc": [
                    3.19,
                    4.88,
                    2.24
                ],
                "audio": "wham_noise/tr/20so0101_0.55255_01co030q_-0.55255.wav",
                "gain": 0.09
            }
        ],
        "duration": 10.0,
        "fs": 16000
    }
}