{
    "room": {
        "dimensions": [
            9.27,
            9.77,
            3.42
        ],
        "absorption": 0.55
    },
    "microphone_array": {
        "mic_center": [
            4.68,
            4.99,
            1.5
        ],
        "mic_radius": 0.1,
        "mic_count": 4
    },
    "audio": {
        "sources": [
            {
                "loc": [
                    4.54,
                    2.89,
                    1.5
                ],
                "audio": "LibriSpeech/train-clean-100/909/131044/909-131044-0028.flac",
                "gain": 1.0
            },
            {
                "loc": [
                    3.28,
                    6.46,
                    0.56
                ],
                "audio": "wham_noise/tr/023o030d_0.28686_021o0304_-0.28686.wav",
                "gain": 0.11
            }
        ],
        "duration": 10.0,
        "fs": 16000
    }
}