{
    "room": {
        "dimensions": [
            9.74,
            7.43,
            3.23
        ],
        "absorption": 0.43
    },
    "microphone_array": {
        "mic_center": [
            4.45,
            4.06,
            1.5
        ],
        "mic_radius": 0.1,
        "mic_count": 4
    },
    "audio": {
        "sources": [
            {
                "loc": [
                    5.22,
                    5.25,
                    1.5
                ],
                "audio": "LibriSpeech/train-clean-100/196/122159/196-122159-0024.flac",
                "gain": 1.0
            },
            {
                "loc": [
                    5.1,
                    4.76,
                    1.5
                ],
                "audio": "LibriSpeech/train-clean-100/3699/19402/3699-19402-0002.flac",
                "gain": 1.0
            },
            {
                "loc": [
                    8.16,
                    4.47,
                    1.5
                ],
                "audio": "LibriSpeech/train-clean-100/4788/94904/4788-94904-0037.flac",
                "gain": 1.0
            },
            {
                "loc": [
                    1.92,
                    5.85,
                    1.25
                ],
                "audio": "wham_noise/tr/20da010m_0.14338_01jo0313_-0.14338sp12.wav",
                "gain": 0.17
            }
        ],
        "duration": 10.0,
        "fs": 16000
    }
}