{
    "room": {
        "dimensions": [
            5.63,
            7.1,
            3.11
        ],
        "absorption": 0.41
    },
    "microphone_array": {
        "mic_center": [
            2.76,
            3.41,
            1.5
        ],
        "mic_radius": 0.1,
        "mic_count": 4
    },
    "audio": {
        "sources": [
            {
                "loc": [
                    2.59,
                    1.85,
                    1.5
                ],
                "audio": "LibriSpeech/train-clean-100/7794/295955/7794-295955-0014.flac",
                "gain": 1.0
            },
            {
                "loc": [
                    3.35,
                    4.94,
                    1.5
                ],
                "audio": "LibriSpeech/train-clean-100/8797/294123/8797-294123-0097.flac",
                "gain": 1.0
            },
            {
                "loc": [
                    2.91,
                    3.29,
                    2.23
                ],
                "audio": "wham_noise/tr/01kc020g_0.24385_20ga0101_-0.24385sp12.wav",
                "gain": 0.19
            }
        ],
        "duration": 10.0,
        "fs": 16000
    }
}