{
    "room": {
        "dimensions": [
            8.04,
            6.76,
            3.64
        ],
        "absorption": 0.52
    },
    "microphone_array": {
        "mic_center": [
            4.2,
            3.6,
            1.5
        ],
        "mic_radius": 0.1,
        "mic_count": 4
    },
    "audio": {
        "sources": [
            {
                "loc": [
                    6.4,
                    4.12,
                    1.5
                ],
                "audio": "LibriSpeech/train-clean-100/481/123720/481-123720-0065.flac",
                "gain": 1.0
            },
            {
                "loc": [
                    6.86,
                    4.22,
                    1.5
                ],
                "audio": "LibriSpeech/train-clean-100/3607/29116/3607-29116-0035.flac",
                "gain": 1.0
            },
            {
                "loc": [
                    0.73,
                    2.6,
                    2.08
                ],
                "audio": "wham_noise/tr/40fc021b_0.34831_015a010w_-0.34831sp08.wav",
                "gain": 0.07
            }
        ],
        "duration": 10.0,
        "fs": 16000
    }
}