{
    "room": {
        "dimensions": [
            8.8,
            8.28,
            3.18
        ],
        "absorption": 0.55
    },
    "microphone_array": {
        "mic_center": [
            4.39,
            4.39,
            1.5
        ],
        "mic_radius": 0.1,
        "mic_count": 4
    },
    "audio": {
        "sources": [
            {
                "loc": [
                    5.81,
                    6.92,
                    1.5
                ],
                "audio": "LibriSpeech/train-clean-100/7190/90542/7190-90542-0069.flac",
                "gain": 1.0
            },
            {
                "loc": [
                    5.52,
                    7.68,
                    1.5
                ],
                "audio": "LibriSpeech/train-clean-100/1246/135815/1246-135815-0024.flac",
                "gain": 1.0
            },
            {
                "loc": [
                    3.02,
                    7.57,
                    1.5
                ],
                "audio": "LibriSpeech/train-clean-100/7278/104730/7278-104730-0017.flac",
                "gain": 1.0
            },
            {
                "loc": [
                    1.03,
                    3.72,
                    0.8
                ],
                "audio": "wham_noise/tr/02da0108_0.40826_01kc020k_-0.40826sp12.wav",
                "gain": 0.1
            }
        ],
        "duration": 10.0,
        "fs": 16000
    }
}