{
    "room": {
        "dimensions": [
            8.47,
            9.99,
            3.2
        ],
        "absorption": 0.43
    },
    "microphone_array": {
        "mic_center": [
            3.81,
            4.67,
            1.5
        ],
        "mic_radius": 0.1,
        "mic_count": 4
    },
    "audio": {
        "sources": [
            {
                "loc": [
                    6.55,
                    9.2,
                    1.5
                ],
                "audio": "LibriSpeech/train-clean-100/4898/20016/4898-20016-0033.flac",
                "gain": 1.0
            },
            {
                "loc": [
                    7.87,
                    6.5,
                    1.5
                ],
                "audio": "LibriSpeech/train-clean-100/1992/141719/1992-141719-0049.flac",
                "gain": 1.0
            },
            {
                "loc": [
                    5.8,
                    5.44,
                    1.5
                ],
                "audio": "LibriSpeech/train-clean-100/4340/15220/4340-15220-0087.flac",
                "gain": 1.0
            },
            {
                "loc": [
                    6.86,
                    6.9,
                    2.28
                ],
                "audio": "wham_noise/tr/01jo0314_0.21184_204a0101_-0.21184sp12.wav",
                "gain": 0.19
            }
        ],
        "duration": 10.0,
        "fs": 16000
    }
}