{
    "room": {
        "dimensions": [
            5.7,
            8.72,
            3.54
        ],
        "absorption": 0.55
    },
    "microphone_array": {
        "mic_center": [
            2.78,
            4.44,
            1.5
        ],
        "mic_radius": 0.1,
        "mic_count": 4
    },
    "audio": {
        "sources": [
            {
                "loc": [
                    1.53,
                    8.2,
                    1.5
                ],
                "audio": "LibriSpeech/train-clean-100/3982/178459/3982-178459-0002.flac",
                "gain": 1.0
            },
            {
                "loc": [
                    4.05,
                    7.15,
                    1.49
                ],
                "audio": "wham_noise/tr/20la0104_0.39939_01na010a_-0.39939sp12.wav",
                "gain": 0.07
            }
        ],
        "duration": 10.0,
        "fs": 16000
    }
}