{
    "room": {
        "dimensions": [
            6.56,
            6.27,
            3.95
        ],
        "absorption": 0.54
    },
    "microphone_array": {
        "mic_center": [
            3.25,
            2.73,
            1.5
        ],
        "mic_radius": 0.1,
        "mic_count": 4
    },
    "audio": {
        "sources": [
            {
                "loc": [
                    2.9,
                    4.42,
                    1.5
                ],
                "audio": "LibriSpeech/train-clean-100/1743/142914/1743-142914-0024.flac",
                "gain": 1.0
            },
            {
                "loc": [
                    2.57,
                    1.19,
                    1.5
                ],
                "audio": "LibriSpeech/train-clean-100/3214/167607/3214-167607-0009.flac",
                "gain": 1.0
            },
            {
                "loc": [
                    3.62,
                    2.24,
                    1.67
                ],
                "audio": "wham_noise/tr/015o0306_0.92689_02bc020s_-0.92689sp12.wav",
                "gain": 0.07
            }
        ],
        "duration": 10.0,
        "fs": 16000
    }
}