{
    "room": {
        "dimensions": [
            7.15,
            6.22,
            3.41
        ],
        "absorption": 0.54
    },
    "microphone_array": {
        "mic_center": [
            3.26,
            2.79,
            1.5
        ],
        "mic_radius": 0.1,
        "mic_count": 4
    },
    "audio": {
        "sources": [
            {
                "loc": [
                    2.85,
                    4.07,
                    1.5
                ],
                "audio": "LibriSpeech/train-clean-100/6385/34655/6385-34655-0002.flac",
                "gain": 1.0
            },
            {
                "loc": [
                    3.56,
                    3.54,
                    1.5
                ],
                "audio": "LibriSpeech/train-clean-100/6019/3185/6019-3185-0040.flac",
                "gain": 1.0
            },
            {
                "loc": [
                    2.06,
                    1.83,
                    1.42
                ],
                "audio": "wham_noise/tr/01ao0310_0.36222_40mo030f_-0.36222sp08.wav",
                "gain": 0.05
            }
        ],
        "duration": 10.0,
        "fs": 16000
    }
}