{
    "room": {
        "dimensions": [
            5.74,
            9.5,
            3.0
        ],
        "absorption": 0.57
    },
    "microphone_array": {
        "mic_center": [
            2.51,
            4.38,
            1.5
        ],
        "mic_radius": 0.1,
        "mic_count": 4
    },
    "audio": {
        "sources": [
            {
                "loc": [
                    1.33,
                    6.12,
                    1.5
                ],
                "audio": "LibriSpeech/train-clean-100/3259/158083/3259-158083-0011.flac",
                "gain": 1.0
            },
            {
                "loc": [
                    0.62,
                    0.63,
                    1.5
                ],
                "audio": "LibriSpeech/train-clean-100/248/130652/248-130652-0008.flac",
                "gain": 1.0
            },
            {
                "loc": [
                    3.29,
                    0.63,
                    2.08
                ],
                "audio": "wham_noise/tr/01eo030g_0.12938_20mo0109_-0.12938sp12.wav",
                "gain": 0.09
            }
        ],
        "duration": 10.0,
        "fs": 16000
    }
}