{
    "room": {
        "dimensions": [
            9.25,
            8.0,
            3.12
        ],
        "absorption": 0.6
    },
    "microphone_array": {
        "mic_center": [
            4.91,
            3.85,
            1.5
        ],
        "mic_radius": 0.1,
        "mic_count": 4
    },
    "audio": {
        "sources": [
            {
                "loc": [
                    3.56,
                    4.04,
                    1.5
                ],
                "audio": "LibriSpeech/train-clean-100/8123/275209/8123-275209-0007.flac",
                "gain": 1.0
            },
            {
                "loc": [
                    3.32,
                    6.45,
                    1.5
                ],
                "audio": "LibriSpeech/train-clean-100/4680/16041/4680-16041-0018.flac",
                "gain": 1.0
            },
            {
                "loc": [
                    4.08,
                    3.04,
                    1.48
                ],
                "audio": "wham_noise/tr/408o030t_0.92089_019a010i_-0.92089sp12.wav",
                "gain": 0.18
            }
        ],
        "duration": 10.0,
        "fs": 16000
    }
}