acc_within_10deg_mean,angle_mae_std,balanced_score,false_alarms_mean,layout_mae_std,mae_deg_matched_mean,method_cfg,misses_mean,recall_mean,runtime_seconds_mean,trial_number,value_subset
0.3125,8.361279637640367,0.3294839709257129,0.0,6.2890625,39.276041666666664,"{'nfft': 3520, 'overlap': 0.65, 'freq_range': [1200, 1800], 'window_ms': 220}",0.90625,0.546875,0.3907200659790154,166,0.414949757177793
0.3125,8.361279637640367,0.3294839709257129,0.0,6.2890625,39.276041666666664,"{'nfft': 3520, 'overlap': 0.65, 'freq_range': [1200, 1800], 'window_ms': 220}",0.90625,0.546875,0.39632699489205453,174,0.414949757177793
0.3072916666666667,10.693285471110675,0.3263082198937552,0.0,5.32421875,41.020833333333336,"{'nfft': 3200, 'overlap': 0.8500000000000001, 'freq_range': [100, 1800], 'window_ms': 200}",0.9166666666666666,0.5416666666666666,1.1988761723138548,47,0.4193505957586744
0.3125,9.252603800192318,0.32608570605407283,0.0,6.109375,41.708333333333336,"{'nfft': 3600, 'overlap': 0.55, 'freq_range': [450, 1800], 'window_ms': 225}",0.9270833333333334,0.5364583333333334,0.5521154138841666,318,0.42305991464449244
0.3125,9.252603800192318,0.32608570605407283,0.0,6.109375,41.708333333333336,"{'nfft': 3600, 'overlap': 0.55, 'freq_range': [450, 1800], 'window_ms': 225}",0.9270833333333334,0.5364583333333334,0.5227880025583241,744,0.42305991464449244
