{
    "room": {
        "dimensions": [
            6.39,
            9.98,
            3.44
        ],
        "absorption": 0.2
    },
    "microphone_array": {
        "mic_center": [
            3.51,
            5.46,
            1.5
        ],
        "mic_radius": 0.1,
        "mic_count": 4
    },
    "audio": {
        "sources": [
            {
                "loc": [
                    2.7,
                    3.38,
                    1.5
                ],
                "audio": "LibriSpeech/train-clean-100/2391/145015/2391-145015-0061.flac",
                "gain": 1.0
            },
            {
                "loc": [
                    1.06,
                    1.94,
                    1.5
                ],
                "audio": "LibriSpeech/train-clean-100/2416/152139/2416-152139-0010.flac",
                "gain": 1.0
            },
            {
                "loc": [
                    2.05,
                    8.99,
                    1.89
                ],
                "audio": "wham_noise/tr/01xa010p_0.41997_017c0203_-0.41997.wav",
                "gain": 0.67
            }
        ],
        "duration": 10.0,
        "fs": 16000
    }
}