{
    "room": {
        "dimensions": [
            9.35,
            9.85,
            3.07
        ],
        "absorption": 0.2
    },
    "microphone_array": {
        "mic_center": [
            4.96,
            4.69,
            1.5
        ],
        "mic_radius": 0.1,
        "mic_count": 4
    },
    "audio": {
        "sources": [
            {
                "loc": [
                    3.82,
                    1.21,
                    1.5
                ],
                "audio": "LibriSpeech/train-clean-100/8324/286683/8324-286683-0010.flac",
                "gain": 1.0
            },
            {
                "loc": [
                    3.24,
                    6.47,
                    1.5
                ],
                "audio": "LibriSpeech/train-clean-100/1235/135887/1235-135887-0015.flac",
                "gain": 1.0
            },
            {
                "loc": [
                    3.14,
                    6.86,
                    1.26
                ],
                "audio": "wham_noise/tr/20la0108_0.99765_02eo030y_-0.99765sp08.wav",
                "gain": 0.63
            }
        ],
        "duration": 10.0,
        "fs": 16000
    }
}