{
    "room": {
        "dimensions": [
            9.77,
            7.1,
            3.75
        ],
        "absorption": 0.2
    },
    "microphone_array": {
        "mic_center": [
            4.93,
            3.65,
            1.5
        ],
        "mic_radius": 0.1,
        "mic_count": 4
    },
    "audio": {
        "sources": [
            {
                "loc": [
                    2.42,
                    3.16,
                    1.5
                ],
                "audio": "LibriSpeech/train-clean-100/909/131044/909-131044-0028.flac",
                "gain": 1.0
            },
            {
                "loc": [
                    0.75,
                    2.55,
                    1.5
                ],
                "audio": "LibriSpeech/train-clean-100/5339/14134/5339-14134-0007.flac",
                "gain": 1.0
            },
            {
                "loc": [
                    6.85,
                    5.63,
                    2.1
                ],
                "audio": "wham_noise/tr/20da0114_0.27479_40la010h_-0.27479sp08.wav",
                "gain": 0.74
            }
        ],
        "duration": 10.0,
        "fs": 16000
    }
}