{
    "room": {
        "dimensions": [
            8.38,
            7.56,
            3.79
        ],
        "absorption": 0.2
    },
    "microphone_array": {
        "mic_center": [
            4.65,
            4.02,
            1.5
        ],
        "mic_radius": 0.1,
        "mic_count": 4
    },
    "audio": {
        "sources": [
            {
                "loc": [
                    1.13,
                    3.88,
                    1.5
                ],
                "audio": "LibriSpeech/train-clean-100/481/123720/481-123720-0071.flac",
                "gain": 1.0
            },
            {
                "loc": [
                    1.19,
                    6.75,
                    1.74
                ],
                "audio": "wham_noise/tr/208c0103_0.98754_01jc0206_-0.98754.wav",
                "gain": 0.26
            }
        ],
        "duration": 10.0,
        "fs": 16000
    }
}